claim,evidence_strength,source_type,design_decision,primary_source
"Screen use for ages 2–4 should be limited and should not displace movement, sleep, play, reading or caregiver interaction","high for health guidance","WHO guideline; AAP guidance","Default sessions 5–7 minutes; parent cap; no autoplay, streaks or retention loops","https://www.who.int/publications/i/item/9789241550536"
"High-quality media is more useful when an adult co-views and connects it to real life","moderate; context dependent","AAP guidance","Co-play prompt and real-world extension for every game","https://www.healthychildren.org/English/family-life/Media/Pages/why-co-viewing-is-important-tips-to-share-screen-time-with-your-kids.aspx"
"Educational apps should be active, engaged, meaningful and socially interactive around a clear learning goal","conceptual framework supported by learning science","peer-reviewed review/framework","One primary learning goal per game; reject decorative interactions","https://pubmed.ncbi.nlm.nih.gov/25985468/"
"Executive-function skills develop through interaction and repeated practice","moderate","developmental science guide","Include working memory, inhibition and flexible-rule mechanics across age bands","https://developingchild.harvard.edu/resources/handouts-tools/activities-guide-enhancing-and-practicing-executive-function-skills/"
"Working-memory training produces stronger trained/near-task effects than broad far transfer","high for claim restraint","meta-analysis","Never claim IQ growth; report only practice on similar tasks","https://doi.org/10.1177/1745691616635612"
"Guided play can support some early math, shape and task-switching outcomes","moderate; outcome dependent","systematic review and meta-analysis","Use child choice plus light adult guidance; avoid drill-only sessions","https://doi.org/10.1111/cdev.13730"
"Developmental milestones orient discussion but do not diagnose or replace screening","high","CDC public-health guidance","Age is initial placement only; no developmental diagnosis or age percentile","https://www.cdc.gov/act-early/milestones/"
"Child-directed apps should minimize data and gate links or purchases","high for store compliance","Apple and Google platform policies","Offline-only v1; no ads, analytics, identifiers, permissions or child-mode links","https://developer.apple.com/app-store/review/guidelines/"
"Children receive additional safeguards under EU data-protection law","high for legal principle; implementation requires jurisdiction review","European Commission GDPR guidance","No online personal data; clear parent disclosure; local export and deletion","https://commission.europa.eu/law/law-topic/data-protection/information-business-and-organisations/legal-grounds-processing-data/are-there-any-specific-safeguards-data-about-children_en"
